first_name,last_name,company_name,address,city,province,postal,phone1,email,web,exam_1,exam_2,exam_3
Huey,Marcille,Southern Idaho Pipe & Stl Corp,169 Journal Sq,Edmonton,AB,T5P 1G9,780-XXX-3619,huey.marcille@gmail.com,http://www.southernidahopipestlcorp.com,100,87,64
Laurena,Begin,"Barry, Anthony S Esq",7564 N Academy Ave,London,ON,N6A 1S5,519-790-8?60,laurena.begin@begin.com,http://www.barryanthonysesq.com,88,84,96
Madonna,Landman,"Brown, Glenn Esq",283 Andover St,Castlegar,BC,V1N 3P7,250-.07-7698,madonna.landman@landman.com,http://www.brownglennesq.com,93,76,66
Darrin,Tumolillo,Metro Press,4 Pedretti Ave #2,Saskatoon,SK,S7H 1X9,306748-5721,darrin@tumolillo.com,http://www.metropress.com,67,60,63
Brunilda,Coin,Young Contractors Inc,300 Congers Rd #77,Saint-Paul,NB,E4T 3B9,50.-327-7460,brunilda_coin@aol.com,http://www.youngcontractorsinc.com,81,56,82
Gilma,Jefferys,Celestin Design Centre,147 E Centre St,Halifax,NS,B3H 4E1,902p804-8543,gjefferys@aol.com,http://www.celestindesigncentre.com,86,82,60
Paola,Perkins,M K Goulding And Associates,3951 Seaway Dr,Grande Prairie,AB,T8V 4G4,50l-573-8903,paola.perkins@aol.com,http://www.mkgouldingandassociates.com,67,51,66
Milly,Pattengale,"Schell, Eric F Esq",20 Fort Campbell Blvd #4792,Wetaskiwin,AB,T9A 3K1,780-799-64l8,milly@hotmail.com,http://www.schellericfesq.com,92,90,79
